userID,photoID,url,Visibility
11001,11000,http://www.jboats.com/newsletter/2009_1021_J27Rumline.jpg,restricted
11001,11001,http://www.jboats.com/images/j24fleet.jpg,restricted
11001,11002,http://www.pixstel.com/sonar-racing_picm2-200.jpg,restricted
11002,11003,http://upload.wikimedia.org/wikipedia/commons/thumb/6/6e/Paris_-_Eiffelturm_und_Marsfeld2.jpg/280px-Paris_-_Eiffelturm_und_Marsfeld2.jpg,restricted
11002,11004,http://upload.wikimedia.org/wikipedia/commons/thumb/e/e6/Paris_Night.jpg/800px-Paris_Night.jpg,restricted
11003,11005,http://trialx.com/curetalk/wp-content/blogs.dir/7/files/2011/05/cities/Tokyo-3.jpg,restricted
11004,11006,http://farm4.static.flickr.com/3414/3542862916_8b06847bda.jpg,restricted
11004,11007,http://blog.french-quarters.com/files/2010/11/french_steak_lg.jpg,restricted
11004,11008,http://files.kevineats.com/pics/2009/090616-JoelRobuchon/DSC09322.jpg,restricted
11005,11009,http://cdni.condenast.co.uk/646x430/a_c/berlin_cnt_18nov09_iStock_b_1.jpg,restricted
11006,11010,http://farm3.static.flickr.com/2388/2111957629_daf510982f_o.jpg,restricted
11006,11011,http://www.kidsgeo.com/images/ocean-temperature.jpg,restricted
11007,11012,http://i.imgur.com/YB81Z.jpg,restricted
11008,11013,http://www.peru-machu-picchu.com/pics/machu-picchu-1.jpg,restricted
11009,11014,http://www.destination360.com/asia/china/images/s/china-great-wall-of-china.jpg,restricted
